"specifications' 'label","specifications' 'label"
"Add to Cart","Add to Cart"
Loading...,Loading...
"We can't find products matching the selection.","We can't find products matching the selection."
"In stock","In stock"
"Out of stock","Out of stock"
"Learn More","Learn More"
or,or
"Login or Register","Login or Register"
"Search entire store here...","Search entire store here..."
Search,Search
Newsletter,Newsletter
"Sign Up for Our Newsletter:","Sign Up for Our Newsletter:"
"Email Subscribe","Email Subscribe"
Subscribe,Subscribe
"Guest checkout is disabled.","Guest checkout is disabled."
Overview,Overview
"Skip to the end of the images gallery","Skip to the end of the images gallery"
"Skip to the beginning of the images gallery","Skip to the beginning of the images gallery"
Specifications,Specifications
"My Account","My Account"
"Custom Home","Custom Home"
"Custom About Us","Custom About Us"
"Street Address","Address",
"City","Suburb",
"State/Province","State"
"Zip/Postal Code","Postcode"
"Phone Number","Phone"
"Please select a region, state or province.", "Please select a state."
